sample_id,raw_image,final_image,recognition_screenshot,processed_dir,expected_plate,recognized_plate,province,city_letter,tail,condition,detected,format_valid,province_correct,overall_correct,avg_confidence,bbox,elapsed_ms,error_type,generation_params
PL001,UserShow/PerfectData/raw_generated_plates/plate_001_京HM0DS5_normal.png,UserShow/PerfectData/final_plate_images/plate_001_result.png,UserShow/PerfectData/recognition_screenshots/plate_001_recognition.png,UserShow/PerfectData/processed_steps/PL001,京HM0DS5,京HM0DS5,京,H,M0DS5,normal,True,True,True,True,0.9523,"[240, 292, 520, 150]",63.9,,"{""plate_size"": [520, 150], ""scene_size"": [1000, 600], ""condition"": ""normal"", ""style"": ""standard_blue""}"
PL002,UserShow/PerfectData/raw_generated_plates/plate_002_沪QYBQ3G_normal.png,UserShow/PerfectData/final_plate_images/plate_002_result.png,UserShow/PerfectData/recognition_screenshots/plate_002_recognition.png,UserShow/PerfectData/processed_steps/PL002,沪QYBQ3G,沪QYBQ3G,沪,Q,YBQ3G,normal,True,True,True,True,0.9559,"[240, 292, 520, 150]",47.7,,"{""plate_size"": [520, 150], ""scene_size"": [1000, 600], ""condition"": ""normal"", ""style"": ""standard_blue""}"
PL003,UserShow/PerfectData/raw_generated_plates/plate_003_粤X9N1ET_normal.png,UserShow/PerfectData/final_plate_images/plate_003_result.png,UserShow/PerfectData/recognition_screenshots/plate_003_recognition.png,UserShow/PerfectData/processed_steps/PL003,粤X9N1ET,粤X9N1ET,粤,X,9N1ET,normal,True,True,True,True,0.9657,"[240, 292, 520, 150]",47.9,,"{""plate_size"": [520, 150], ""scene_size"": [1000, 600], ""condition"": ""normal"", ""style"": ""standard_blue""}"
PL004,UserShow/PerfectData/raw_generated_plates/plate_004_苏ELZCR4_normal.png,UserShow/PerfectData/final_plate_images/plate_004_result.png,UserShow/PerfectData/recognition_screenshots/plate_004_recognition.png,UserShow/PerfectData/processed_steps/PL004,苏ELZCR4,苏ELZCR4,苏,E,LZCR4,normal,True,True,True,True,0.9679,"[240, 292, 520, 150]",54.0,,"{""plate_size"": [520, 150], ""scene_size"": [1000, 600], ""condition"": ""normal"", ""style"": ""standard_blue""}"
PL005,UserShow/PerfectData/raw_generated_plates/plate_005_浙MXAP2F_normal.png,UserShow/PerfectData/final_plate_images/plate_005_result.png,UserShow/PerfectData/recognition_screenshots/plate_005_recognition.png,UserShow/PerfectData/processed_steps/PL005,浙MXAP2F,浙MXAP2F,浙,M,XAP2F,normal,True,True,True,True,0.9575,"[240, 292, 520, 150]",49.1,,"{""plate_size"": [520, 150], ""scene_size"": [1000, 600], ""condition"": ""normal"", ""style"": ""standard_blue""}"
PL006,UserShow/PerfectData/raw_generated_plates/plate_006_鲁U8M0DS_normal.png,UserShow/PerfectData/final_plate_images/plate_006_result.png,UserShow/PerfectData/recognition_screenshots/plate_006_recognition.png,UserShow/PerfectData/processed_steps/PL006,鲁U8M0DS,鲁U8M0DS,鲁,U,8M0DS,normal,True,True,True,True,0.9386,"[240, 292, 520, 150]",47.9,,"{""plate_size"": [520, 150], ""scene_size"": [1000, 600], ""condition"": ""normal"", ""style"": ""standard_blue""}"
PL007,UserShow/PerfectData/raw_generated_plates/plate_007_川BKYBQ3_normal.png,UserShow/PerfectData/final_plate_images/plate_007_result.png,UserShow/PerfectData/recognition_screenshots/plate_007_recognition.png,UserShow/PerfectData/processed_steps/PL007,川BKYBQ3,川BKYBQ3,川,B,KYBQ3,normal,True,True,True,True,0.9597,"[240, 292, 520, 150]",63.3,,"{""plate_size"": [520, 150], ""scene_size"": [1000, 600], ""condition"": ""normal"", ""style"": ""standard_blue""}"
PL008,UserShow/PerfectData/raw_generated_plates/plate_008_渝JW9N1E_normal.png,UserShow/PerfectData/final_plate_images/plate_008_result.png,UserShow/PerfectData/recognition_screenshots/plate_008_recognition.png,UserShow/PerfectData/processed_steps/PL008,渝JW9N1E,渝JW9N1E,渝,J,W9N1E,normal,True,True,True,True,0.9572,"[240, 292, 520, 150]",47.1,,"{""plate_size"": [520, 150], ""scene_size"": [1000, 600], ""condition"": ""normal"", ""style"": ""standard_blue""}"
PL009,UserShow/PerfectData/raw_generated_plates/plate_009_冀R7LZCR_normal.png,UserShow/PerfectData/final_plate_images/plate_009_result.png,UserShow/PerfectData/recognition_screenshots/plate_009_recognition.png,UserShow/PerfectData/processed_steps/PL009,冀R7LZCR,冀R7LZCR,冀,R,7LZCR,normal,True,True,True,True,0.9619,"[240, 292, 520, 150]",53.9,,"{""plate_size"": [520, 150], ""scene_size"": [1000, 600], ""condition"": ""normal"", ""style"": ""standard_blue""}"
PL010,UserShow/PerfectData/raw_generated_plates/plate_010_豫YJXAP2_normal.png,UserShow/PerfectData/final_plate_images/plate_010_result.png,UserShow/PerfectData/recognition_screenshots/plate_010_recognition.png,UserShow/PerfectData/processed_steps/PL010,豫YJXAP2,豫YJXAP2,豫,Y,JXAP2,normal,True,True,True,True,0.9595,"[240, 292, 520, 150]",47.8,,"{""plate_size"": [520, 150], ""scene_size"": [1000, 600], ""condition"": ""normal"", ""style"": ""standard_blue""}"
PL011,UserShow/PerfectData/raw_generated_plates/plate_011_鄂FV8M0D_normal.png,UserShow/PerfectData/final_plate_images/plate_011_result.png,UserShow/PerfectData/recognition_screenshots/plate_011_recognition.png,UserShow/PerfectData/processed_steps/PL011,鄂FV8M0D,鄂FV8M0D,鄂,F,V8M0D,normal,True,True,True,True,0.939,"[240, 292, 520, 150]",63.8,,"{""plate_size"": [520, 150], ""scene_size"": [1000, 600], ""condition"": ""normal"", ""style"": ""standard_blue""}"
PL012,UserShow/PerfectData/raw_generated_plates/plate_012_湘N6KYBQ_normal.png,UserShow/PerfectData/final_plate_images/plate_012_result.png,UserShow/PerfectData/recognition_screenshots/plate_012_recognition.png,UserShow/PerfectData/processed_steps/PL012,湘N6KYBQ,湘N6KYBQ,湘,N,6KYBQ,normal,True,True,True,True,0.9575,"[240, 292, 520, 150]",40.1,,"{""plate_size"": [520, 150], ""scene_size"": [1000, 600], ""condition"": ""normal"", ""style"": ""standard_blue""}"
PL013,UserShow/PerfectData/raw_generated_plates/plate_013_皖VHW9N1_normal.png,UserShow/PerfectData/final_plate_images/plate_013_result.png,UserShow/PerfectData/recognition_screenshots/plate_013_recognition.png,UserShow/PerfectData/processed_steps/PL013,皖VHW9N1,皖VHW9N1,皖,V,HW9N1,normal,True,True,True,True,0.9541,"[240, 292, 520, 150]",47.1,,"{""plate_size"": [520, 150], ""scene_size"": [1000, 600], ""condition"": ""normal"", ""style"": ""standard_blue""}"
PL014,UserShow/PerfectData/raw_generated_plates/plate_014_闽CU7LZC_normal.png,UserShow/PerfectData/final_plate_images/plate_014_result.png,UserShow/PerfectData/recognition_screenshots/plate_014_recognition.png,UserShow/PerfectData/processed_steps/PL014,闽CU7LZC,闽CU7LZC,闽,C,U7LZC,normal,True,True,True,True,0.9629,"[240, 292, 520, 150]",47.7,,"{""plate_size"": [520, 150], ""scene_size"": [1000, 600], ""condition"": ""normal"", ""style"": ""standard_blue""}"
PL015,UserShow/PerfectData/raw_generated_plates/plate_015_赣K5JXAP_normal.png,UserShow/PerfectData/final_plate_images/plate_015_result.png,UserShow/PerfectData/recognition_screenshots/plate_015_recognition.png,UserShow/PerfectData/processed_steps/PL015,赣K5JXAP,赣K5JXAP,赣,K,5JXAP,normal,True,True,True,True,0.9588,"[240, 292, 520, 150]",47.6,,"{""plate_size"": [520, 150], ""scene_size"": [1000, 600], ""condition"": ""normal"", ""style"": ""standard_blue""}"
PL016,UserShow/PerfectData/raw_generated_plates/plate_016_桂SGV8M0_normal.png,UserShow/PerfectData/final_plate_images/plate_016_result.png,UserShow/PerfectData/recognition_screenshots/plate_016_recognition.png,UserShow/PerfectData/processed_steps/PL016,桂SGV8M0,桂SGV8M0,桂,S,GV8M0,normal,True,True,True,True,0.9344,"[240, 292, 520, 150]",49.0,,"{""plate_size"": [520, 150], ""scene_size"": [1000, 600], ""condition"": ""normal"", ""style"": ""standard_blue""}"
PL017,UserShow/PerfectData/raw_generated_plates/plate_017_琼ZT6KYB_normal.png,UserShow/PerfectData/final_plate_images/plate_017_result.png,UserShow/PerfectData/recognition_screenshots/plate_017_recognition.png,UserShow/PerfectData/processed_steps/PL017,琼ZT6KYB,琼ZT6KYB,琼,Z,T6KYB,normal,True,True,True,True,0.9607,"[240, 292, 520, 150]",48.0,,"{""plate_size"": [520, 150], ""scene_size"": [1000, 600], ""condition"": ""normal"", ""style"": ""standard_blue""}"
PL018,UserShow/PerfectData/raw_generated_plates/plate_018_贵G4HW9N_normal.png,UserShow/PerfectData/final_plate_images/plate_018_result.png,UserShow/PerfectData/recognition_screenshots/plate_018_recognition.png,UserShow/PerfectData/processed_steps/PL018,贵G4HW9N,贵G4HW9N,贵,G,4HW9N,normal,True,True,True,True,0.955,"[240, 292, 520, 150]",53.3,,"{""plate_size"": [520, 150], ""scene_size"": [1000, 600], ""condition"": ""normal"", ""style"": ""standard_blue""}"
PL019,UserShow/PerfectData/raw_generated_plates/plate_019_云PFU7LZ_normal.png,UserShow/PerfectData/final_plate_images/plate_019_result.png,UserShow/PerfectData/recognition_screenshots/plate_019_recognition.png,UserShow/PerfectData/processed_steps/PL019,云PFU7LZ,云PFU7LZ,云,P,FU7LZ,normal,True,True,True,True,0.9713,"[240, 292, 520, 150]",50.2,,"{""plate_size"": [520, 150], ""scene_size"": [1000, 600], ""condition"": ""normal"", ""style"": ""standard_blue""}"
PL020,UserShow/PerfectData/raw_generated_plates/plate_020_陕WS5JXA_normal.png,UserShow/PerfectData/final_plate_images/plate_020_result.png,UserShow/PerfectData/recognition_screenshots/plate_020_recognition.png,UserShow/PerfectData/processed_steps/PL020,陕WS5JXA,陕WS5JXA,陕,W,S5JXA,normal,True,True,True,True,0.9519,"[240, 292, 520, 150]",60.1,,"{""plate_size"": [520, 150], ""scene_size"": [1000, 600], ""condition"": ""normal"", ""style"": ""standard_blue""}"
PL021,UserShow/PerfectData/raw_generated_plates/plate_021_甘D3GV8M_normal.png,UserShow/PerfectData/final_plate_images/plate_021_result.png,UserShow/PerfectData/recognition_screenshots/plate_021_recognition.png,UserShow/PerfectData/processed_steps/PL021,甘D3GV8M,甘D3GV8M,甘,D,3GV8M,normal,True,True,True,True,0.9479,"[240, 292, 520, 150]",41.0,,"{""plate_size"": [520, 150], ""scene_size"": [1000, 600], ""condition"": ""normal"", ""style"": ""standard_blue""}"
PL022,UserShow/PerfectData/raw_generated_plates/plate_022_宁LET6KY_normal.png,UserShow/PerfectData/final_plate_images/plate_022_result.png,UserShow/PerfectData/recognition_screenshots/plate_022_recognition.png,UserShow/PerfectData/processed_steps/PL022,宁LET6KY,宁LET6KY,宁,L,ET6KY,normal,True,True,True,True,0.9727,"[240, 292, 520, 150]",48.4,,"{""plate_size"": [520, 150], ""scene_size"": [1000, 600], ""condition"": ""normal"", ""style"": ""standard_blue""}"
PL023,UserShow/PerfectData/raw_generated_plates/plate_023_京TR4HW9_normal.png,UserShow/PerfectData/final_plate_images/plate_023_result.png,UserShow/PerfectData/recognition_screenshots/plate_023_recognition.png,UserShow/PerfectData/processed_steps/PL023,京TR4HW9,京TR4HW9,京,T,R4HW9,normal,True,True,True,True,0.957,"[240, 292, 520, 150]",47.3,,"{""plate_size"": [520, 150], ""scene_size"": [1000, 600], ""condition"": ""normal"", ""style"": ""standard_blue""}"
PL024,UserShow/PerfectData/raw_generated_plates/plate_024_沪A2FU7L_normal.png,UserShow/PerfectData/final_plate_images/plate_024_result.png,UserShow/PerfectData/recognition_screenshots/plate_024_recognition.png,UserShow/PerfectData/processed_steps/PL024,沪A2FU7L,沪A2FU7L,沪,A,2FU7L,normal,True,True,True,True,0.9708,"[240, 292, 520, 150]",63.2,,"{""plate_size"": [520, 150], ""scene_size"": [1000, 600], ""condition"": ""normal"", ""style"": ""standard_blue""}"
PL025,UserShow/PerfectData/raw_generated_plates/plate_025_粤HDS5JX_normal.png,UserShow/PerfectData/final_plate_images/plate_025_result.png,UserShow/PerfectData/recognition_screenshots/plate_025_recognition.png,UserShow/PerfectData/processed_steps/PL025,粤HDS5JX,粤HDS5JX,粤,H,DS5JX,normal,True,True,True,True,0.9623,"[240, 292, 520, 150]",46.7,,"{""plate_size"": [520, 150], ""scene_size"": [1000, 600], ""condition"": ""normal"", ""style"": ""standard_blue""}"
PL026,UserShow/PerfectData/raw_generated_plates/plate_026_苏QQ3GV8_normal.png,UserShow/PerfectData/final_plate_images/plate_026_result.png,UserShow/PerfectData/recognition_screenshots/plate_026_recognition.png,UserShow/PerfectData/processed_steps/PL026,苏QQ3GV8,苏QQ3GV8,苏,Q,Q3GV8,normal,True,True,True,True,0.9506,"[240, 292, 520, 150]",47.8,,"{""plate_size"": [520, 150], ""scene_size"": [1000, 600], ""condition"": ""normal"", ""style"": ""standard_blue""}"
PL027,UserShow/PerfectData/raw_generated_plates/plate_027_浙X1ET6K_normal.png,UserShow/PerfectData/final_plate_images/plate_027_result.png,UserShow/PerfectData/recognition_screenshots/plate_027_recognition.png,UserShow/PerfectData/processed_steps/PL027,浙X1ET6K,浙X1ET6K,浙,X,1ET6K,normal,True,True,True,True,0.9651,"[240, 292, 520, 150]",47.7,,"{""plate_size"": [520, 150], ""scene_size"": [1000, 600], ""condition"": ""normal"", ""style"": ""standard_blue""}"
PL028,UserShow/PerfectData/raw_generated_plates/plate_028_鲁ECR4HW_normal.png,UserShow/PerfectData/final_plate_images/plate_028_result.png,UserShow/PerfectData/recognition_screenshots/plate_028_recognition.png,UserShow/PerfectData/processed_steps/PL028,鲁ECR4HW,鲁ECR4HW,鲁,E,CR4HW,normal,True,True,True,True,0.9645,"[240, 292, 520, 150]",47.6,,"{""plate_size"": [520, 150], ""scene_size"": [1000, 600], ""condition"": ""normal"", ""style"": ""standard_blue""}"
PL029,UserShow/PerfectData/raw_generated_plates/plate_029_川MP2FU7_normal.png,UserShow/PerfectData/final_plate_images/plate_029_result.png,UserShow/PerfectData/recognition_screenshots/plate_029_recognition.png,UserShow/PerfectData/processed_steps/PL029,川MP2FU7,川MP2FU7,川,M,P2FU7,normal,True,True,True,True,0.9658,"[240, 292, 520, 150]",54.9,,"{""plate_size"": [520, 150], ""scene_size"": [1000, 600], ""condition"": ""normal"", ""style"": ""standard_blue""}"
PL030,UserShow/PerfectData/raw_generated_plates/plate_030_渝U0DS5J_normal.png,UserShow/PerfectData/final_plate_images/plate_030_result.png,UserShow/PerfectData/recognition_screenshots/plate_030_recognition.png,UserShow/PerfectData/processed_steps/PL030,渝U0DS5J,渝U0DS5J,渝,U,0DS5J,normal,True,True,True,True,0.9603,"[240, 292, 520, 150]",48.4,,"{""plate_size"": [520, 150], ""scene_size"": [1000, 600], ""condition"": ""normal"", ""style"": ""standard_blue""}"
PL031,UserShow/PerfectData/raw_generated_plates/plate_031_冀BBQ3GV_normal.png,UserShow/PerfectData/final_plate_images/plate_031_result.png,UserShow/PerfectData/recognition_screenshots/plate_031_recognition.png,UserShow/PerfectData/processed_steps/PL031,冀BBQ3GV,冀BBQ3GV,冀,B,BQ3GV,normal,True,True,True,True,0.9533,"[240, 292, 520, 150]",47.2,,"{""plate_size"": [520, 150], ""scene_size"": [1000, 600], ""condition"": ""normal"", ""style"": ""standard_blue""}"
PL032,UserShow/PerfectData/raw_generated_plates/plate_032_豫JN1ET6_normal.png,UserShow/PerfectData/final_plate_images/plate_032_result.png,UserShow/PerfectData/recognition_screenshots/plate_032_recognition.png,UserShow/PerfectData/processed_steps/PL032,豫JN1ET6,豫JN1ET6,豫,J,N1ET6,normal,True,True,True,True,0.9686,"[240, 292, 520, 150]",47.6,,"{""plate_size"": [520, 150], ""scene_size"": [1000, 600], ""condition"": ""normal"", ""style"": ""standard_blue""}"
PL033,UserShow/PerfectData/raw_generated_plates/plate_033_鄂RZCR4H_normal.png,UserShow/PerfectData/final_plate_images/plate_033_result.png,UserShow/PerfectData/recognition_screenshots/plate_033_recognition.png,UserShow/PerfectData/processed_steps/PL033,鄂RZCR4H,鄂RZCR4H,鄂,R,ZCR4H,normal,True,True,True,True,0.9647,"[240, 292, 520, 150]",47.7,,"{""plate_size"": [520, 150], ""scene_size"": [1000, 600], ""condition"": ""normal"", ""style"": ""standard_blue""}"
PL034,UserShow/PerfectData/raw_generated_plates/plate_034_湘YAP2FU_normal.png,UserShow/PerfectData/final_plate_images/plate_034_result.png,UserShow/PerfectData/recognition_screenshots/plate_034_recognition.png,UserShow/PerfectData/processed_steps/PL034,湘YAP2FU,湘YAP2FU,湘,Y,AP2FU,normal,True,True,True,True,0.9644,"[240, 292, 520, 150]",49.5,,"{""plate_size"": [520, 150], ""scene_size"": [1000, 600], ""condition"": ""normal"", ""style"": ""standard_blue""}"
PL035,UserShow/PerfectData/raw_generated_plates/plate_035_皖FM0DS5_normal.png,UserShow/PerfectData/final_plate_images/plate_035_result.png,UserShow/PerfectData/recognition_screenshots/plate_035_recognition.png,UserShow/PerfectData/processed_steps/PL035,皖FM0DS5,皖FM0DS5,皖,F,M0DS5,normal,True,True,True,True,0.9491,"[240, 292, 520, 150]",45.4,,"{""plate_size"": [520, 150], ""scene_size"": [1000, 600], ""condition"": ""normal"", ""style"": ""standard_blue""}"
PL036,UserShow/PerfectData/raw_generated_plates/plate_036_闽NYBQ3G_normal.png,UserShow/PerfectData/final_plate_images/plate_036_result.png,UserShow/PerfectData/recognition_screenshots/plate_036_recognition.png,UserShow/PerfectData/processed_steps/PL036,闽NYBQ3G,闽NYBQ3G,闽,N,YBQ3G,normal,True,True,True,True,0.9555,"[240, 292, 520, 150]",49.6,,"{""plate_size"": [520, 150], ""scene_size"": [1000, 600], ""condition"": ""normal"", ""style"": ""standard_blue""}"
PL037,UserShow/PerfectData/raw_generated_plates/plate_037_赣V9N1ET_normal.png,UserShow/PerfectData/final_plate_images/plate_037_result.png,UserShow/PerfectData/recognition_screenshots/plate_037_recognition.png,UserShow/PerfectData/processed_steps/PL037,赣V9N1ET,赣V9N1ET,赣,V,9N1ET,normal,True,True,True,True,0.9641,"[240, 292, 520, 150]",48.5,,"{""plate_size"": [520, 150], ""scene_size"": [1000, 600], ""condition"": ""normal"", ""style"": ""standard_blue""}"
PL038,UserShow/PerfectData/raw_generated_plates/plate_038_桂CLZCR4_normal.png,UserShow/PerfectData/final_plate_images/plate_038_result.png,UserShow/PerfectData/recognition_screenshots/plate_038_recognition.png,UserShow/PerfectData/processed_steps/PL038,桂CLZCR4,桂CLZCR4,桂,C,LZCR4,normal,True,True,True,True,0.9648,"[240, 292, 520, 150]",48.6,,"{""plate_size"": [520, 150], ""scene_size"": [1000, 600], ""condition"": ""normal"", ""style"": ""standard_blue""}"
PL039,UserShow/PerfectData/raw_generated_plates/plate_039_琼KXAP2F_normal.png,UserShow/PerfectData/final_plate_images/plate_039_result.png,UserShow/PerfectData/recognition_screenshots/plate_039_recognition.png,UserShow/PerfectData/processed_steps/PL039,琼KXAP2F,琼KXAP2F,琼,K,XAP2F,normal,True,True,True,True,0.9606,"[240, 292, 520, 150]",63.9,,"{""plate_size"": [520, 150], ""scene_size"": [1000, 600], ""condition"": ""normal"", ""style"": ""standard_blue""}"
PL040,UserShow/PerfectData/raw_generated_plates/plate_040_贵S8M0DS_normal.png,UserShow/PerfectData/final_plate_images/plate_040_result.png,UserShow/PerfectData/recognition_screenshots/plate_040_recognition.png,UserShow/PerfectData/processed_steps/PL040,贵S8M0DS,贵S8M0DS,贵,S,8M0DS,normal,True,True,True,True,0.9371,"[240, 292, 520, 150]",46.5,,"{""plate_size"": [520, 150], ""scene_size"": [1000, 600], ""condition"": ""normal"", ""style"": ""standard_blue""}"
PL041,UserShow/PerfectData/raw_generated_plates/plate_041_云ZKYBQ3_normal.png,UserShow/PerfectData/final_plate_images/plate_041_result.png,UserShow/PerfectData/recognition_screenshots/plate_041_recognition.png,UserShow/PerfectData/processed_steps/PL041,云ZKYBQ3,云ZKYBQ3,云,Z,KYBQ3,normal,True,True,True,True,0.9585,"[240, 292, 520, 150]",47.6,,"{""plate_size"": [520, 150], ""scene_size"": [1000, 600], ""condition"": ""normal"", ""style"": ""standard_blue""}"
PL042,UserShow/PerfectData/raw_generated_plates/plate_042_陕GW9N1E_normal.png,UserShow/PerfectData/final_plate_images/plate_042_result.png,UserShow/PerfectData/recognition_screenshots/plate_042_recognition.png,UserShow/PerfectData/processed_steps/PL042,陕GW9N1E,陕GW9N1E,陕,G,W9N1E,normal,True,True,True,True,0.9543,"[240, 292, 520, 150]",63.6,,"{""plate_size"": [520, 150], ""scene_size"": [1000, 600], ""condition"": ""normal"", ""style"": ""standard_blue""}"
PL043,UserShow/PerfectData/raw_generated_plates/plate_043_甘P7LZCR_normal.png,UserShow/PerfectData/final_plate_images/plate_043_result.png,UserShow/PerfectData/recognition_screenshots/plate_043_recognition.png,UserShow/PerfectData/processed_steps/PL043,甘P7LZCR,甘P7LZCR,甘,P,7LZCR,normal,True,True,True,True,0.9683,"[240, 292, 520, 150]",50.1,,"{""plate_size"": [520, 150], ""scene_size"": [1000, 600], ""condition"": ""normal"", ""style"": ""standard_blue""}"
PL044,UserShow/PerfectData/raw_generated_plates/plate_044_宁WJXAP2_normal.png,UserShow/PerfectData/final_plate_images/plate_044_result.png,UserShow/PerfectData/recognition_screenshots/plate_044_recognition.png,UserShow/PerfectData/processed_steps/PL044,宁WJXAP2,宁WJXAP2,宁,W,JXAP2,normal,True,True,True,True,0.9605,"[240, 292, 520, 150]",45.5,,"{""plate_size"": [520, 150], ""scene_size"": [1000, 600], ""condition"": ""normal"", ""style"": ""standard_blue""}"
PL045,UserShow/PerfectData/raw_generated_plates/plate_045_京DV8M0D_normal.png,UserShow/PerfectData/final_plate_images/plate_045_result.png,UserShow/PerfectData/recognition_screenshots/plate_045_recognition.png,UserShow/PerfectData/processed_steps/PL045,京DV8M0D,京DV8M0D,京,D,V8M0D,normal,True,True,True,True,0.9374,"[240, 292, 520, 150]",47.7,,"{""plate_size"": [520, 150], ""scene_size"": [1000, 600], ""condition"": ""normal"", ""style"": ""standard_blue""}"
PL046,UserShow/PerfectData/raw_generated_plates/plate_046_沪L6KYBQ_normal.png,UserShow/PerfectData/final_plate_images/plate_046_result.png,UserShow/PerfectData/recognition_screenshots/plate_046_recognition.png,UserShow/PerfectData/processed_steps/PL046,沪L6KYBQ,沪L6KYBQ,沪,L,6KYBQ,normal,True,True,True,True,0.963,"[240, 292, 520, 150]",47.8,,"{""plate_size"": [520, 150], ""scene_size"": [1000, 600], ""condition"": ""normal"", ""style"": ""standard_blue""}"
PL047,UserShow/PerfectData/raw_generated_plates/plate_047_粤THW9N1_normal.png,UserShow/PerfectData/final_plate_images/plate_047_result.png,UserShow/PerfectData/recognition_screenshots/plate_047_recognition.png,UserShow/PerfectData/processed_steps/PL047,粤THW9N1,粤THW9N1,粤,T,HW9N1,normal,True,True,True,True,0.9581,"[240, 292, 520, 150]",47.7,,"{""plate_size"": [520, 150], ""scene_size"": [1000, 600], ""condition"": ""normal"", ""style"": ""standard_blue""}"
PL048,UserShow/PerfectData/raw_generated_plates/plate_048_苏AU7LZC_normal.png,UserShow/PerfectData/final_plate_images/plate_048_result.png,UserShow/PerfectData/recognition_screenshots/plate_048_recognition.png,UserShow/PerfectData/processed_steps/PL048,苏AU7LZC,苏AU7LZC,苏,A,U7LZC,normal,True,True,True,True,0.9643,"[240, 292, 520, 150]",63.2,,"{""plate_size"": [520, 150], ""scene_size"": [1000, 600], ""condition"": ""normal"", ""style"": ""standard_blue""}"
PL049,UserShow/PerfectData/raw_generated_plates/plate_049_浙H5JXAP_normal.png,UserShow/PerfectData/final_plate_images/plate_049_result.png,UserShow/PerfectData/recognition_screenshots/plate_049_recognition.png,UserShow/PerfectData/processed_steps/PL049,浙H5JXAP,浙H5JXAP,浙,H,5JXAP,normal,True,True,True,True,0.9633,"[240, 292, 520, 150]",50.3,,"{""plate_size"": [520, 150], ""scene_size"": [1000, 600], ""condition"": ""normal"", ""style"": ""standard_blue""}"
PL050,UserShow/PerfectData/raw_generated_plates/plate_050_鲁QGV8M0_normal.png,UserShow/PerfectData/final_plate_images/plate_050_result.png,UserShow/PerfectData/recognition_screenshots/plate_050_recognition.png,UserShow/PerfectData/processed_steps/PL050,鲁QGV8M0,鲁QGV8M0,鲁,Q,GV8M0,normal,True,True,True,True,0.9325,"[240, 292, 520, 150]",47.3,,"{""plate_size"": [520, 150], ""scene_size"": [1000, 600], ""condition"": ""normal"", ""style"": ""standard_blue""}"
PL051,UserShow/PerfectData/raw_generated_plates/plate_051_川XT6KYB_normal.png,UserShow/PerfectData/final_plate_images/plate_051_result.png,UserShow/PerfectData/recognition_screenshots/plate_051_recognition.png,UserShow/PerfectData/processed_steps/PL051,川XT6KYB,川XT6KYB,川,X,T6KYB,normal,True,True,True,True,0.9619,"[240, 292, 520, 150]",47.6,,"{""plate_size"": [520, 150], ""scene_size"": [1000, 600], ""condition"": ""normal"", ""style"": ""standard_blue""}"
PL052,UserShow/PerfectData/raw_generated_plates/plate_052_渝E4HW9N_normal.png,UserShow/PerfectData/final_plate_images/plate_052_result.png,UserShow/PerfectData/recognition_screenshots/plate_052_recognition.png,UserShow/PerfectData/processed_steps/PL052,渝E4HW9N,渝E4HW9N,渝,E,4HW9N,normal,True,True,True,True,0.9544,"[240, 292, 520, 150]",48.9,,"{""plate_size"": [520, 150], ""scene_size"": [1000, 600], ""condition"": ""normal"", ""style"": ""standard_blue""}"
PL053,UserShow/PerfectData/raw_generated_plates/plate_053_冀MFU7LZ_normal.png,UserShow/PerfectData/final_plate_images/plate_053_result.png,UserShow/PerfectData/recognition_screenshots/plate_053_recognition.png,UserShow/PerfectData/processed_steps/PL053,冀MFU7LZ,冀MFU7LZ,冀,M,FU7LZ,normal,True,True,True,True,0.9644,"[240, 292, 520, 150]",46.6,,"{""plate_size"": [520, 150], ""scene_size"": [1000, 600], ""condition"": ""normal"", ""style"": ""standard_blue""}"
PL054,UserShow/PerfectData/raw_generated_plates/plate_054_豫US5JXA_normal.png,UserShow/PerfectData/final_plate_images/plate_054_result.png,UserShow/PerfectData/recognition_screenshots/plate_054_recognition.png,UserShow/PerfectData/processed_steps/PL054,豫US5JXA,豫US5JXA,豫,U,S5JXA,normal,True,True,True,True,0.9571,"[240, 292, 520, 150]",47.3,,"{""plate_size"": [520, 150], ""scene_size"": [1000, 600], ""condition"": ""normal"", ""style"": ""standard_blue""}"
PL055,UserShow/PerfectData/raw_generated_plates/plate_055_鄂B3GV8M_normal.png,UserShow/PerfectData/final_plate_images/plate_055_result.png,UserShow/PerfectData/recognition_screenshots/plate_055_recognition.png,UserShow/PerfectData/processed_steps/PL055,鄂B3GV8M,鄂B3GV8M,鄂,B,3GV8M,normal,True,True,True,True,0.9448,"[240, 292, 520, 150]",63.5,,"{""plate_size"": [520, 150], ""scene_size"": [1000, 600], ""condition"": ""normal"", ""style"": ""standard_blue""}"
PL056,UserShow/PerfectData/raw_generated_plates/plate_056_湘JET6KY_bright.png,UserShow/PerfectData/final_plate_images/plate_056_result.png,UserShow/PerfectData/recognition_screenshots/plate_056_recognition.png,UserShow/PerfectData/processed_steps/PL056,湘JET6KY,湘JET6KY,湘,J,ET6KY,bright,True,True,True,True,0.9715,"[240, 292, 520, 150]",64.3,,"{""plate_size"": [520, 150], ""scene_size"": [1000, 600], ""condition"": ""bright"", ""style"": ""standard_blue""}"
PL057,UserShow/PerfectData/raw_generated_plates/plate_057_皖RR4HW9_bright.png,UserShow/PerfectData/final_plate_images/plate_057_result.png,UserShow/PerfectData/recognition_screenshots/plate_057_recognition.png,UserShow/PerfectData/processed_steps/PL057,皖RR4HW9,皖RR4HW9,皖,R,R4HW9,bright,True,True,True,True,0.9577,"[240, 292, 520, 150]",47.4,,"{""plate_size"": [520, 150], ""scene_size"": [1000, 600], ""condition"": ""bright"", ""style"": ""standard_blue""}"
PL058,UserShow/PerfectData/raw_generated_plates/plate_058_闽Y2FU7L_bright.png,UserShow/PerfectData/final_plate_images/plate_058_result.png,UserShow/PerfectData/recognition_screenshots/plate_058_recognition.png,UserShow/PerfectData/processed_steps/PL058,闽Y2FU7L,闽Y2FU7L,闽,Y,2FU7L,bright,True,True,True,True,0.9714,"[240, 292, 520, 150]",47.8,,"{""plate_size"": [520, 150], ""scene_size"": [1000, 600], ""condition"": ""bright"", ""style"": ""standard_blue""}"
PL059,UserShow/PerfectData/raw_generated_plates/plate_059_赣FDS5JX_bright.png,UserShow/PerfectData/final_plate_images/plate_059_result.png,UserShow/PerfectData/recognition_screenshots/plate_059_recognition.png,UserShow/PerfectData/processed_steps/PL059,赣FDS5JX,赣FDS5JX,赣,F,DS5JX,bright,True,True,True,True,0.966,"[240, 292, 520, 150]",47.7,,"{""plate_size"": [520, 150], ""scene_size"": [1000, 600], ""condition"": ""bright"", ""style"": ""standard_blue""}"
PL060,UserShow/PerfectData/raw_generated_plates/plate_060_桂NQ3GV8_bright.png,UserShow/PerfectData/final_plate_images/plate_060_result.png,UserShow/PerfectData/recognition_screenshots/plate_060_recognition.png,UserShow/PerfectData/processed_steps/PL060,桂NQ3GV8,桂NQ3GV8,桂,N,Q3GV8,bright,True,True,True,True,0.9615,"[240, 292, 520, 150]",38.5,,"{""plate_size"": [520, 150], ""scene_size"": [1000, 600], ""condition"": ""bright"", ""style"": ""standard_blue""}"
PL061,UserShow/PerfectData/raw_generated_plates/plate_061_琼V1ET6K_bright.png,UserShow/PerfectData/final_plate_images/plate_061_result.png,UserShow/PerfectData/recognition_screenshots/plate_061_recognition.png,UserShow/PerfectData/processed_steps/PL061,琼V1ET6K,琼V1ET6K,琼,V,1ET6K,bright,True,True,True,True,0.9709,"[240, 292, 520, 150]",45.0,,"{""plate_size"": [520, 150], ""scene_size"": [1000, 600], ""condition"": ""bright"", ""style"": ""standard_blue""}"
PL062,UserShow/PerfectData/raw_generated_plates/plate_062_贵CCR4HW_bright.png,UserShow/PerfectData/final_plate_images/plate_062_result.png,UserShow/PerfectData/recognition_screenshots/plate_062_recognition.png,UserShow/PerfectData/processed_steps/PL062,贵CCR4HW,贵CCR4HW,贵,C,CR4HW,bright,True,True,True,True,0.9676,"[240, 292, 520, 150]",47.5,,"{""plate_size"": [520, 150], ""scene_size"": [1000, 600], ""condition"": ""bright"", ""style"": ""standard_blue""}"
PL063,UserShow/PerfectData/raw_generated_plates/plate_063_云KP2FU7_bright.png,UserShow/PerfectData/final_plate_images/plate_063_result.png,UserShow/PerfectData/recognition_screenshots/plate_063_recognition.png,UserShow/PerfectData/processed_steps/PL063,云KP2FU7,云KP2FU7,云,K,P2FU7,bright,True,True,True,True,0.9724,"[240, 292, 520, 150]",47.7,,"{""plate_size"": [520, 150], ""scene_size"": [1000, 600], ""condition"": ""bright"", ""style"": ""standard_blue""}"
PL064,UserShow/PerfectData/raw_generated_plates/plate_064_陕S0DS5J_bright.png,UserShow/PerfectData/final_plate_images/plate_064_result.png,UserShow/PerfectData/recognition_screenshots/plate_064_recognition.png,UserShow/PerfectData/processed_steps/PL064,陕S0DS5J,陕S0DS5J,陕,S,0DS5J,bright,True,True,True,True,0.965,"[240, 292, 520, 150]",63.3,,"{""plate_size"": [520, 150], ""scene_size"": [1000, 600], ""condition"": ""bright"", ""style"": ""standard_blue""}"
PL065,UserShow/PerfectData/raw_generated_plates/plate_065_甘ZBQ3GV_bright.png,UserShow/PerfectData/final_plate_images/plate_065_result.png,UserShow/PerfectData/recognition_screenshots/plate_065_recognition.png,UserShow/PerfectData/processed_steps/PL065,甘ZBQ3GV,甘ZBQ3GV,甘,Z,BQ3GV,bright,True,True,True,True,0.9638,"[240, 292, 520, 150]",58.2,,"{""plate_size"": [520, 150], ""scene_size"": [1000, 600], ""condition"": ""bright"", ""style"": ""standard_blue""}"
PL066,UserShow/PerfectData/raw_generated_plates/plate_066_宁GN1ET6_bright.png,UserShow/PerfectData/final_plate_images/plate_066_result.png,UserShow/PerfectData/recognition_screenshots/plate_066_recognition.png,UserShow/PerfectData/processed_steps/PL066,宁GN1ET6,宁GN1ET6,宁,G,N1ET6,bright,True,True,True,True,0.977,"[240, 292, 520, 150]",47.5,,"{""plate_size"": [520, 150], ""scene_size"": [1000, 600], ""condition"": ""bright"", ""style"": ""standard_blue""}"
PL067,UserShow/PerfectData/raw_generated_plates/plate_067_京PZCR4H_bright.png,UserShow/PerfectData/final_plate_images/plate_067_result.png,UserShow/PerfectData/recognition_screenshots/plate_067_recognition.png,UserShow/PerfectData/processed_steps/PL067,京PZCR4H,京PZCR4H,京,P,ZCR4H,bright,True,True,True,True,0.974,"[240, 292, 520, 150]",47.5,,"{""plate_size"": [520, 150], ""scene_size"": [1000, 600], ""condition"": ""bright"", ""style"": ""standard_blue""}"
PL068,UserShow/PerfectData/raw_generated_plates/plate_068_沪WAP2FU_bright.png,UserShow/PerfectData/final_plate_images/plate_068_result.png,UserShow/PerfectData/recognition_screenshots/plate_068_recognition.png,UserShow/PerfectData/processed_steps/PL068,沪WAP2FU,沪WAP2FU,沪,W,AP2FU,bright,True,True,True,True,0.9676,"[240, 292, 520, 150]",46.1,,"{""plate_size"": [520, 150], ""scene_size"": [1000, 600], ""condition"": ""bright"", ""style"": ""standard_blue""}"
PL069,UserShow/PerfectData/raw_generated_plates/plate_069_粤DM0DS5_bright.png,UserShow/PerfectData/final_plate_images/plate_069_result.png,UserShow/PerfectData/recognition_screenshots/plate_069_recognition.png,UserShow/PerfectData/processed_steps/PL069,粤DM0DS5,粤DM0DS5,粤,D,M0DS5,bright,True,True,True,True,0.9535,"[240, 292, 520, 150]",44.9,,"{""plate_size"": [520, 150], ""scene_size"": [1000, 600], ""condition"": ""bright"", ""style"": ""standard_blue""}"
PL070,UserShow/PerfectData/raw_generated_plates/plate_070_苏LYBQ3G_bright.png,UserShow/PerfectData/final_plate_images/plate_070_result.png,UserShow/PerfectData/recognition_screenshots/plate_070_recognition.png,UserShow/PerfectData/processed_steps/PL070,苏LYBQ3G,苏LYBQ3G,苏,L,YBQ3G,bright,True,True,True,True,0.9688,"[240, 292, 520, 150]",48.0,,"{""plate_size"": [520, 150], ""scene_size"": [1000, 600], ""condition"": ""bright"", ""style"": ""standard_blue""}"
PL071,UserShow/PerfectData/raw_generated_plates/plate_071_浙T9N1ET_low_light.png,UserShow/PerfectData/final_plate_images/plate_071_result.png,UserShow/PerfectData/recognition_screenshots/plate_071_recognition.png,UserShow/PerfectData/processed_steps/PL071,浙T9N1ET,浙T9N1ET,浙,T,9N1ET,low_light,True,True,True,True,0.9712,"[240, 292, 520, 150]",47.9,,"{""plate_size"": [520, 150], ""scene_size"": [1000, 600], ""condition"": ""low_light"", ""style"": ""standard_blue""}"
PL072,UserShow/PerfectData/raw_generated_plates/plate_072_鲁ALZCR4_low_light.png,UserShow/PerfectData/final_plate_images/plate_072_result.png,UserShow/PerfectData/recognition_screenshots/plate_072_recognition.png,UserShow/PerfectData/processed_steps/PL072,鲁ALZCR4,鲁ALZCR4,鲁,A,LZCR4,low_light,True,True,True,True,0.9644,"[240, 292, 520, 150]",47.4,,"{""plate_size"": [520, 150], ""scene_size"": [1000, 600], ""condition"": ""low_light"", ""style"": ""standard_blue""}"
PL073,UserShow/PerfectData/raw_generated_plates/plate_073_川HXAP2F_low_light.png,UserShow/PerfectData/final_plate_images/plate_073_result.png,UserShow/PerfectData/recognition_screenshots/plate_073_recognition.png,UserShow/PerfectData/processed_steps/PL073,川HXAP2F,川HXAP2F,川,H,XAP2F,low_light,True,True,True,True,0.9667,"[240, 292, 520, 150]",48.5,,"{""plate_size"": [520, 150], ""scene_size"": [1000, 600], ""condition"": ""low_light"", ""style"": ""standard_blue""}"
PL074,UserShow/PerfectData/raw_generated_plates/plate_074_渝Q8M0DS_low_light.png,UserShow/PerfectData/final_plate_images/plate_074_result.png,UserShow/PerfectData/recognition_screenshots/plate_074_recognition.png,UserShow/PerfectData/processed_steps/PL074,渝Q8M0DS,渝Q8M0DS,渝,Q,8M0DS,low_light,True,True,True,True,0.9323,"[240, 292, 520, 150]",64.4,,"{""plate_size"": [520, 150], ""scene_size"": [1000, 600], ""condition"": ""low_light"", ""style"": ""standard_blue""}"
PL075,UserShow/PerfectData/raw_generated_plates/plate_075_冀XKYBQ3_low_light.png,UserShow/PerfectData/final_plate_images/plate_075_result.png,UserShow/PerfectData/recognition_screenshots/plate_075_recognition.png,UserShow/PerfectData/processed_steps/PL075,冀XKYBQ3,冀XKYBQ3,冀,X,KYBQ3,low_light,True,True,True,True,0.9543,"[240, 292, 520, 150]",52.2,,"{""plate_size"": [520, 150], ""scene_size"": [1000, 600], ""condition"": ""low_light"", ""style"": ""standard_blue""}"
PL076,UserShow/PerfectData/raw_generated_plates/plate_076_豫EW9N1E_low_light.png,UserShow/PerfectData/final_plate_images/plate_076_result.png,UserShow/PerfectData/recognition_screenshots/plate_076_recognition.png,UserShow/PerfectData/processed_steps/PL076,豫EW9N1E,豫EW9N1E,豫,E,W9N1E,low_light,True,True,True,True,0.956,"[240, 292, 520, 150]",48.1,,"{""plate_size"": [520, 150], ""scene_size"": [1000, 600], ""condition"": ""low_light"", ""style"": ""standard_blue""}"
PL077,UserShow/PerfectData/raw_generated_plates/plate_077_鄂M7LZCR_low_light.png,UserShow/PerfectData/final_plate_images/plate_077_result.png,UserShow/PerfectData/recognition_screenshots/plate_077_recognition.png,UserShow/PerfectData/processed_steps/PL077,鄂M7LZCR,鄂M7LZCR,鄂,M,7LZCR,low_light,True,True,True,True,0.9618,"[240, 292, 520, 150]",47.1,,"{""plate_size"": [520, 150], ""scene_size"": [1000, 600], ""condition"": ""low_light"", ""style"": ""standard_blue""}"
PL078,UserShow/PerfectData/raw_generated_plates/plate_078_湘UJXAP2_low_light.png,UserShow/PerfectData/final_plate_images/plate_078_result.png,UserShow/PerfectData/recognition_screenshots/plate_078_recognition.png,UserShow/PerfectData/processed_steps/PL078,湘UJXAP2,湘UJXAP2,湘,U,JXAP2,low_light,True,True,True,True,0.9626,"[240, 292, 520, 150]",47.6,,"{""plate_size"": [520, 150], ""scene_size"": [1000, 600], ""condition"": ""low_light"", ""style"": ""standard_blue""}"
PL079,UserShow/PerfectData/raw_generated_plates/plate_079_皖BV8M0D_low_light.png,UserShow/PerfectData/final_plate_images/plate_079_result.png,UserShow/PerfectData/recognition_screenshots/plate_079_recognition.png,UserShow/PerfectData/processed_steps/PL079,皖BV8M0D,皖BV8M0D,皖,B,V8M0D,low_light,True,True,True,True,0.9357,"[240, 292, 520, 150]",45.9,,"{""plate_size"": [520, 150], ""scene_size"": [1000, 600], ""condition"": ""low_light"", ""style"": ""standard_blue""}"
PL080,UserShow/PerfectData/raw_generated_plates/plate_080_闽J6KYBQ_low_light.png,UserShow/PerfectData/final_plate_images/plate_080_result.png,UserShow/PerfectData/recognition_screenshots/plate_080_recognition.png,UserShow/PerfectData/processed_steps/PL080,闽J6KYBQ,闽J6KYBQ,闽,J,6KYBQ,low_light,True,True,True,True,0.9581,"[240, 292, 520, 150]",63.7,,"{""plate_size"": [520, 150], ""scene_size"": [1000, 600], ""condition"": ""low_light"", ""style"": ""standard_blue""}"
PL081,UserShow/PerfectData/raw_generated_plates/plate_081_赣RHW9N1_low_light.png,UserShow/PerfectData/final_plate_images/plate_081_result.png,UserShow/PerfectData/recognition_screenshots/plate_081_recognition.png,UserShow/PerfectData/processed_steps/PL081,赣RHW9N1,赣RHW9N1,赣,R,HW9N1,low_light,True,True,True,True,0.9535,"[240, 292, 520, 150]",48.0,,"{""plate_size"": [520, 150], ""scene_size"": [1000, 600], ""condition"": ""low_light"", ""style"": ""standard_blue""}"
PL082,UserShow/PerfectData/raw_generated_plates/plate_082_桂YU7LZC_low_light.png,UserShow/PerfectData/final_plate_images/plate_082_result.png,UserShow/PerfectData/recognition_screenshots/plate_082_recognition.png,UserShow/PerfectData/processed_steps/PL082,桂YU7LZC,桂YU7LZC,桂,Y,U7LZC,low_light,True,True,True,True,0.9661,"[240, 292, 520, 150]",47.8,,"{""plate_size"": [520, 150], ""scene_size"": [1000, 600], ""condition"": ""low_light"", ""style"": ""standard_blue""}"
PL083,UserShow/PerfectData/raw_generated_plates/plate_083_琼F5JXAP_low_light.png,UserShow/PerfectData/final_plate_images/plate_083_result.png,UserShow/PerfectData/recognition_screenshots/plate_083_recognition.png,UserShow/PerfectData/processed_steps/PL083,琼F5JXAP,琼F5JXAP,琼,F,5JXAP,low_light,True,True,True,True,0.9634,"[240, 292, 520, 150]",47.2,,"{""plate_size"": [520, 150], ""scene_size"": [1000, 600], ""condition"": ""low_light"", ""style"": ""standard_blue""}"
PL084,UserShow/PerfectData/raw_generated_plates/plate_084_贵NGV8M0_low_light.png,UserShow/PerfectData/final_plate_images/plate_084_result.png,UserShow/PerfectData/recognition_screenshots/plate_084_recognition.png,UserShow/PerfectData/processed_steps/PL084,贵NGV8M0,贵NGV8M0,贵,N,GV8M0,low_light,True,True,True,True,0.9379,"[240, 292, 520, 150]",48.0,,"{""plate_size"": [520, 150], ""scene_size"": [1000, 600], ""condition"": ""low_light"", ""style"": ""standard_blue""}"
PL085,UserShow/PerfectData/raw_generated_plates/plate_085_云VT6KYB_low_light.png,UserShow/PerfectData/final_plate_images/plate_085_result.png,UserShow/PerfectData/recognition_screenshots/plate_085_recognition.png,UserShow/PerfectData/processed_steps/PL085,云VT6KYB,云VT6KYB,云,V,T6KYB,low_light,True,True,True,True,0.9626,"[240, 292, 520, 150]",47.5,,"{""plate_size"": [520, 150], ""scene_size"": [1000, 600], ""condition"": ""low_light"", ""style"": ""standard_blue""}"
PL086,UserShow/PerfectData/raw_generated_plates/plate_086_陕C4HW9N_mild_blur.png,UserShow/PerfectData/final_plate_images/plate_086_result.png,UserShow/PerfectData/recognition_screenshots/plate_086_recognition.png,UserShow/PerfectData/processed_steps/PL086,陕C4HW9N,陕C4HW9N,陕,C,4HW9N,mild_blur,True,True,True,True,0.964,"[239, 291, 522, 151]",48.0,,"{""plate_size"": [520, 150], ""scene_size"": [1000, 600], ""condition"": ""mild_blur"", ""style"": ""standard_blue""}"
PL087,UserShow/PerfectData/raw_generated_plates/plate_087_甘KFU7LZ_mild_blur.png,UserShow/PerfectData/final_plate_images/plate_087_result.png,UserShow/PerfectData/recognition_screenshots/plate_087_recognition.png,UserShow/PerfectData/processed_steps/PL087,甘KFU7LZ,甘KFU7LZ,甘,K,FU7LZ,mild_blur,True,True,True,True,0.9804,"[239, 291, 522, 151]",48.4,,"{""plate_size"": [520, 150], ""scene_size"": [1000, 600], ""condition"": ""mild_blur"", ""style"": ""standard_blue""}"
PL088,UserShow/PerfectData/raw_generated_plates/plate_088_宁SS5JXA_mild_blur.png,UserShow/PerfectData/final_plate_images/plate_088_result.png,UserShow/PerfectData/recognition_screenshots/plate_088_recognition.png,UserShow/PerfectData/processed_steps/PL088,宁SS5JXA,宁SS5JXA,宁,S,S5JXA,mild_blur,True,True,True,True,0.9741,"[239, 291, 522, 151]",47.6,,"{""plate_size"": [520, 150], ""scene_size"": [1000, 600], ""condition"": ""mild_blur"", ""style"": ""standard_blue""}"
PL089,UserShow/PerfectData/raw_generated_plates/plate_089_京Z3GV8M_mild_blur.png,UserShow/PerfectData/final_plate_images/plate_089_result.png,UserShow/PerfectData/recognition_screenshots/plate_089_recognition.png,UserShow/PerfectData/processed_steps/PL089,京Z3GV8M,京Z3GV8M,京,Z,3GV8M,mild_blur,True,True,True,True,0.9595,"[239, 291, 522, 151]",63.3,,"{""plate_size"": [520, 150], ""scene_size"": [1000, 600], ""condition"": ""mild_blur"", ""style"": ""standard_blue""}"
PL090,UserShow/PerfectData/raw_generated_plates/plate_090_沪GET6KY_mild_blur.png,UserShow/PerfectData/final_plate_images/plate_090_result.png,UserShow/PerfectData/recognition_screenshots/plate_090_recognition.png,UserShow/PerfectData/processed_steps/PL090,沪GET6KY,沪GET6KY,沪,G,ET6KY,mild_blur,True,True,True,True,0.9786,"[239, 291, 522, 151]",63.3,,"{""plate_size"": [520, 150], ""scene_size"": [1000, 600], ""condition"": ""mild_blur"", ""style"": ""standard_blue""}"
PL091,UserShow/PerfectData/raw_generated_plates/plate_091_粤PR4HW9_mild_blur.png,UserShow/PerfectData/final_plate_images/plate_091_result.png,UserShow/PerfectData/recognition_screenshots/plate_091_recognition.png,UserShow/PerfectData/processed_steps/PL091,粤PR4HW9,粤PR4HW9,粤,P,R4HW9,mild_blur,True,True,True,True,0.9627,"[239, 291, 522, 151]",50.9,,"{""plate_size"": [520, 150], ""scene_size"": [1000, 600], ""condition"": ""mild_blur"", ""style"": ""standard_blue""}"
PL092,UserShow/PerfectData/raw_generated_plates/plate_092_苏W2FU7L_mild_blur.png,UserShow/PerfectData/final_plate_images/plate_092_result.png,UserShow/PerfectData/recognition_screenshots/plate_092_recognition.png,UserShow/PerfectData/processed_steps/PL092,苏W2FU7L,苏W2FU7L,苏,W,2FU7L,mild_blur,True,True,True,True,0.975,"[239, 291, 522, 151]",62.6,,"{""plate_size"": [520, 150], ""scene_size"": [1000, 600], ""condition"": ""mild_blur"", ""style"": ""standard_blue""}"
PL093,UserShow/PerfectData/raw_generated_plates/plate_093_浙DDS5JX_mild_blur.png,UserShow/PerfectData/final_plate_images/plate_093_result.png,UserShow/PerfectData/recognition_screenshots/plate_093_recognition.png,UserShow/PerfectData/processed_steps/PL093,浙DDS5JX,浙DDS5JX,浙,D,DS5JX,mild_blur,True,True,True,True,0.9721,"[239, 291, 522, 151]",48.0,,"{""plate_size"": [520, 150], ""scene_size"": [1000, 600], ""condition"": ""mild_blur"", ""style"": ""standard_blue""}"
PL094,UserShow/PerfectData/raw_generated_plates/plate_094_鲁LQ3GV8_mild_blur.png,UserShow/PerfectData/final_plate_images/plate_094_result.png,UserShow/PerfectData/recognition_screenshots/plate_094_recognition.png,UserShow/PerfectData/processed_steps/PL094,鲁LQ3GV8,鲁LQ3GV8,鲁,L,Q3GV8,mild_blur,True,True,True,True,0.9697,"[239, 291, 522, 151]",63.8,,"{""plate_size"": [520, 150], ""scene_size"": [1000, 600], ""condition"": ""mild_blur"", ""style"": ""standard_blue""}"
PL095,UserShow/PerfectData/raw_generated_plates/plate_095_川T1ET6K_mild_blur.png,UserShow/PerfectData/final_plate_images/plate_095_result.png,UserShow/PerfectData/recognition_screenshots/plate_095_recognition.png,UserShow/PerfectData/processed_steps/PL095,川T1ET6K,川T1ET6K,川,T,1ET6K,mild_blur,True,True,True,True,0.9819,"[239, 291, 522, 151]",47.3,,"{""plate_size"": [520, 150], ""scene_size"": [1000, 600], ""condition"": ""mild_blur"", ""style"": ""standard_blue""}"
PL096,UserShow/PerfectData/raw_generated_plates/plate_096_渝ACR4HW_mild_blur.png,UserShow/PerfectData/final_plate_images/plate_096_result.png,UserShow/PerfectData/recognition_screenshots/plate_096_recognition.png,UserShow/PerfectData/processed_steps/PL096,渝ACR4HW,渝ACR4HW,渝,A,CR4HW,mild_blur,True,True,True,True,0.9702,"[239, 291, 522, 151]",47.9,,"{""plate_size"": [520, 150], ""scene_size"": [1000, 600], ""condition"": ""mild_blur"", ""style"": ""standard_blue""}"
PL097,UserShow/PerfectData/raw_generated_plates/plate_097_冀HP2FU7_mild_blur.png,UserShow/PerfectData/final_plate_images/plate_097_result.png,UserShow/PerfectData/recognition_screenshots/plate_097_recognition.png,UserShow/PerfectData/processed_steps/PL097,冀HP2FU7,冀HP2FU7,冀,H,P2FU7,mild_blur,True,True,True,True,0.9754,"[239, 291, 522, 151]",47.5,,"{""plate_size"": [520, 150], ""scene_size"": [1000, 600], ""condition"": ""mild_blur"", ""style"": ""standard_blue""}"
PL098,UserShow/PerfectData/raw_generated_plates/plate_098_豫Q0DS5J_mild_blur.png,UserShow/PerfectData/final_plate_images/plate_098_result.png,UserShow/PerfectData/recognition_screenshots/plate_098_recognition.png,UserShow/PerfectData/processed_steps/PL098,豫Q0DS5J,豫Q0DS5J,豫,Q,0DS5J,mild_blur,True,True,True,True,0.9695,"[239, 291, 522, 151]",51.4,,"{""plate_size"": [520, 150], ""scene_size"": [1000, 600], ""condition"": ""mild_blur"", ""style"": ""standard_blue""}"
PL099,UserShow/PerfectData/raw_generated_plates/plate_099_鄂XBQ3GV_mild_blur.png,UserShow/PerfectData/final_plate_images/plate_099_result.png,UserShow/PerfectData/recognition_screenshots/plate_099_recognition.png,UserShow/PerfectData/processed_steps/PL099,鄂XBQ3GV,鄂XBQ3GV,鄂,X,BQ3GV,mild_blur,True,True,True,True,0.9688,"[239, 291, 522, 151]",54.6,,"{""plate_size"": [520, 150], ""scene_size"": [1000, 600], ""condition"": ""mild_blur"", ""style"": ""standard_blue""}"
PL100,UserShow/PerfectData/raw_generated_plates/plate_100_湘EN1ET6_mild_blur.png,UserShow/PerfectData/final_plate_images/plate_100_result.png,UserShow/PerfectData/recognition_screenshots/plate_100_recognition.png,UserShow/PerfectData/processed_steps/PL100,湘EN1ET6,湘EN1ET6,湘,E,N1ET6,mild_blur,True,True,True,True,0.9785,"[239, 291, 522, 151]",47.7,,"{""plate_size"": [520, 150], ""scene_size"": [1000, 600], ""condition"": ""mild_blur"", ""style"": ""standard_blue""}"
